

The following is a list of City|cities in the U.S. state|state of Texas in the United States, by letter:

A
Abbott, Texas|Abbott
Abercrombie, Texas|Abercrombie
Abernathy, Texas|Abernathy
Abilene, Texas|Abilene
Ace, Texas|Ace
Ackerly, Texas|Ackerly
Addison, Texas|Addison
Adkins, Texas|Adkins
Adrian, Texas|Adrian
Afton, Texas|Afton
Alamo, Texas|Alamo
Alamo Heights, Texas|Alamo Heights
Albany, Texas|Albany
Alice, Texas|Alice
Allen, Texas|Allen
Alpine, Texas|Alpine
Alton, Texas|Alton
Alvarado, Texas|Alvarado
Alvin, Texas|Alvin
Amarillo, Texas|Amarillo
Ames, Texas|Ames
Anahuac, Texas|Anahuac
Anderson Mill, Texas|Anderson Mill
Andrews County, Texas|Andrews
Angleton, Texas|Angleton
Appleby, Texas|Appleby
Aransas Pass, Texas|Aransas Pass
Archer City, Texas|Archer City
Argyle, Texas|Argyle
Arlington, Texas|Arlington
Armstrong, Texas|Armstrong
Arp, Texas|Arp
Athens, Texas|Athens
Atlanta, Texas|Atlanta
Austin, Texas|Austin, State Capital
Austonio, Texas|Austonio
Austwell, Texas|Austwell
Avery, Texas|Avery
Azle, Texas|Azle

B
Bacliff, Texas|Bacliff
Bacon, Texas|Bacon
Bailey's Prairie, Texas|Bailey's Prairie
Baird, Texas|Baird
Balch Springs, Texas|Balch Springs
Ballinger, Texas|Ballinger
Bangs, Texas|Bangs
Barrett, Texas|Barrett
Bartonville, Texas|Bartonville
Bastrop, Texas|Bastrop
Bay City, Texas|Bay City
Baytown, Texas|Baytown
Bayview, Texas|Bayview
Beach City, Texas|Beach City
Bean Station, Texas|Bean Station
Beaumont, Texas|Beaumont
Bedford, Texas|Bedford
Bedias, Texas|Bedias
Bee Cave, Texas|Bee Cave
Beeville, Texas|Beeville
Bellaire, Texas|Bellaire
Bellmead, Texas|Bellmead
Bellville, Texas|Bellville
Belton, Texas|Belton
Ben Franklin, Texas|Ben Franklin
Ben Hur, Texas|Ben Hur
Ben Wheeler, Texas|Ben Wheeler
Berryville, Texas|Berryville
Benbrook, Texas|Benbrook
Best, Texas|Best
Beverly Hills, Texas|Beverly Hills
Bigfoot, Texas|Bigfoot
Big Lake, Texas|Big Lake
Big Sandy, Texas|Big Sandy
Big Spring, Texas|Big Spring
Black, Texas|Black
Blackfoot, Texas|Blackfoot
Black Jack, Texas|Black Jack
Blackwell, Texas|Blackwell
Blanket, Texas|Blanket
Blue, Texas|Blue
Blue Ridge, Texas|Blue Ridge
Boerne, Texas|Boerne
Bogata, Texas|Bogata
Bolivar Peninsula, Texas|Bolivar Peninsula
Bonham, Texas|Bonham
Booker, Texas|Booker
Bootleg, Texas|Bootleg
Borger, Texas|Borger
Boston, Texas|Boston
Bowie, Texas|Bowie
Brazoria, Texas|Brazoria
Brazos Bend, Texas|Brazos Bend
Brazos Country, Texas|Brazos Country
Breckenridge, Texas|Breckenridge
Bremond, Texas|Bremond
Brenham, Texas|Brenham
Bridge City, Texas|Bridge City
Bridgeport, Texas|Bridgeport
Brookshire, Texas|Brookshire
Brookside Village, Texas|Brookside Village
Brownsboro, Texas|Brownsboro
Brownsville, Texas|Brownsville
Brownwood, Texas|Brownwood
Bruceville-Eddy, Texas|Bruceville-Eddy
Bryan, Texas|Bryan
Buda, Texas|Buda
Buffalo, Texas|Buffalo
Bullard, Texas|Bullard
Bulverde, Texas|Bulverde
Burkburnett, Texas|Burkburnett
Burleson, Texas|Burleson
Burnet, Texas|Burnet
Bushland, Texas|Bushland

C
Caldwell, Texas|Caldwell
Calvert, Texas|Calvert
Camden, Texas|Camden
Cameron, Texas|Cameron
Camp Wood, Texas|Camp Wood
Canadian, Texas|Canadian
Canton, Texas|Canton
Canyon, Texas|Canyon
Carlton, Texas|Carlton
Carrollton, Texas|Carrollton
Carthage, Texas|Carthage
Cashion Community, Texas|Cashion Community
Castroville, Texas|Castroville
Cedar Hill, Texas|Cedar Hill
Cedar Park, Texas|Cedar Park
Cee Vee, Texas|Cee Vee
Center City, Texas|Center City
Centerville, Texas|Centerville
Chandler, Texas|Chandler
Channelview, Texas|Channelview
Chapel Hill, Texas|Chapel Hill
Chester, Texas|Chester
Childress, Texas|Childress
Chillicothe, Texas|Chillicothe
China Grove, Texas|China Grove
Chocolate Bayou, Texas|Chocolate Bayou
Christoval, Texas|Christoval
Cibolo, Texas|Cibolo
Cisco, Texas|Cisco
Cistern, Texas|Cistern
Clear Lake Shores, Texas|Clear Lake
Cleburne, Texas|Cleburne
Cleveland, Texas|Cleveland
Clifton, Texas|Clifton
Clint, Texas|Clint
Clute, Texas|Clute
Clyde, Texas|Clyde
Cockrell Hill, Texas|Cockrell Hill
Coffee City, Texas|Coffee City
Coke, Texas|Coke
Coldspring, Texas|Coldspring
College Station, Texas|College Station
Colleyville, Texas|Colleyville
Colorado City, Texas|Colorado City
Columbus, Texas|Columbus
Comanche, Texas|Comanche
Combes, Texas|Combes
Combine, Texas|Combine
Comfort, Texas|Comfort
Commerce, Texas|Commerce
Concan, Texas|Concan
Conroe, Texas|Conroe
Converse, Texas|Converse
Cool, Texas|Cool
Coolidge, Texas|Coolidge
Coppell, Texas|Coppell
Copperas Cove, Texas|Copperas Cove
Copper Canyon, Texas|Copper Canyon
Corinth, Texas|Corinth
Corpus Christi, Texas|Corpus Christi
Corral City, Texas|Corral City
Corrigan, Texas|Corrigan
Corsicana, Texas|Corsicana
Cove, Texas|Cove
Crane, Texas|Crane
Cresson, Texas|Cresson
Crockett, Texas|Crockett
Crosby, Texas|Crosby
Cross Plains, Texas|Cross Plains
Crowell, Texas|Crowell
Crowley, Texas|Crowley
Crystal Beach, Texas|Crystal Beach
Cuero, Texas|Cuero
Cumings, Texas|Cumings
Cummins Crossing, Texas|Cummins Crossing
Cuney, Texas|Cuney
Cut and Shoot, Texas|Cut and Shoot
Cyclone, Texas|Cyclone
Cypress, Texas|Cypress

D
Daingerfield, Texas|Daingerfield
Daisetta, Texas|Daisetta
Dalhart, Texas|Dalhart
Dallas, Texas|Dallas
Damon, Texas|Damon
Danbury, Texas|Danbury
Dayton, Texas|Dayton
Dayton Lakes, Texas|Dayton Lakes
De Leon, Texas|De Leon
Deadwood, Texas|Deadwood
Decatur, Texas|Decatur
DeCordova, Texas|DeCordova
Deer Park, Texas|Deer Park
DeKalb, Texas|DeKalb
Dell City, Texas|Dell City
Del Rio, Texas|Del Rio
Denison, Texas|Denison
Denton, Texas|Denton
Denver City, Texas|Denver City
Desert, Texas|Desert
DeSoto, Texas|DeSoto
Detroit, Texas|Detroit
Devers, Texas|Devers
Diboll, Texas|Diboll
Dickinson, Texas|Dickinson
Dime Box, Texas|Dime Box
Dimmitt, Texas|Dimmitt
Ding Dong, Texas|Ding Dong
DISH, Texas|DISH
Donna, Texas|Donna
Doss, Texas|Doss
Dozier, Texas|Dozier
Dripping Springs, Texas|Dripping Springs
Dublin, Texas|Dublin
Dumas, Texas|Dumas
Duncanville, Texas|Duncanville
Duster, Texas|Duster

E
Eagle Lake, Texas|Eagle Lake
Eagle Pass, Texas|Eagle Pass
Early, Texas|Early
Earth, Texas|Earth
East Bernard, Texas|East Bernard
East Texas Center, Texas|East Texas Center
Eastland, Texas|Eastland
Edcouch, Texas|Edcouch
Eden, Texas|Eden
Edgewood, Texas|Edgewood
Edinburg, Texas|Edinburg
Edom, Texas|Edom
Eygpt, Texas|Egypt
El Campo, Texas|El Campo
El Paso, Texas|El Paso
Eldorado, Texas|Eldorado
Electra, Texas|Electra
Elevation, Texas|Elevation
Elgin, Texas|Elgin
Elmo, Texas|Elmo
Elsa, Texas|Elsa
Elysian Fields, Texas|Elysian Fields
Emory, Texas|Emory
Emhouse, Texas|Emhouse
Ennis, Texas|Ennis
Eola, Texas|Eola
Escobares, Texas|Escobares
Euless, Texas|Euless
Evadale, Texas|Evadale
Evant, Texas|Evant

F
Fairfield, Texas|Fairfield
Fairy, Texas|Fairy
Farmers Branch, Texas|Farmers Branch
Farmersville, Texas|Farmersville
Farwell, Texas|Farwell
Fate, Texas|Fate
Flat, Texas|Flat
Flatonia, Texas|Flatonia
Flint, Texas|Flint
Flomot, Texas|Flomot
Flower Mound, Texas|Flower Mound
Floresville, Texas|Floresville
Forney, Texas|Forney
Fort Davis, Texas|Fort Davis
Fort Gates, Texas|Fort Gates
Fort Hood, Texas|Fort Hood
Fort Stockton, Texas|Fort Stockton
Fort Worth, Texas|Fort Worth
Franklin, Texas|Franklin
Frankston, Texas|Frankston
Fredericksburg, Texas|Fredericksburg
Freeport, Texas|Freeport
Friendship, Texas|Friendship
Friendswood, Texas|Friendswood
Frisco, Texas|Frisco
Fritch, Texas|Fritch
Frognot, Texas|Frognot
Frost, Texas|Frost
Fulshear, Texas|Fulshear

G
Gainesville, Texas|Gainesville
Galveston, Texas|Galveston
Garden Ridge, Texas|Garden Ridge
Garden Valley, Texas|Garden Valley
Garland, Texas|Garland
Garner, Texas|Garner
Garwood, Texas|Garwood
Gatesville, Texas|Gatesville
Gay Hill, Texas|Gay Hill
Gaylord, Texas|Gaylord
Georgetown, Texas|Georgetown
Giddings, Texas|Giddings
Gilmer, Texas|Gilmer
Glenn Heights, Texas|Glenn Heights
Glen Rose, Texas|Glen Rose
Goldthwaite, Texas|Goldthwaite
Goodnight, Texas|Goodnight
Goliad, Texas|Goliad
Gonzales, Texas|Gonzales
Gordon, Texas|Gordon
Graham, Texas|Graham
Granbury, Texas|Granbury
Granjeno, Texas|Granjeno
Grand Prairie, Texas|Grand Prairie
Grand Saline, Texas|Grand Saline
Grape Creek, Texas|Grape Creek
Grapeland, Texas|Grapeland
Grapevine, Texas|Grapevine
Greenville, Texas|Greenville
Gresham, Texas|Gresham
Grow, Texas|Grow
Groveton, Texas|Groveton
Gruene, Texas|Gruene
Gun Barrel City, Texas|Gun Barrel City

H
Hale Center, Texas|Hale Center
Hallettsville, Texas|Hallettsville
Hallsville, Texas|Hallsville
Haltom City, Texas|Haltom City
Hamilton, Texas|Hamilton
Happy, Texas|Happy
Hardin, Texas|Hardin
Hargill, Texas|Hargill
Harker Heights, Texas|Harker Heights
Harleton, Texas|Harleton
Harlingen, Texas|Harlingen
Harriett, Texas|Harriett
Haskell, Texas|Haskell
Hearne, Texas|Hearne
Hebbronville, Texas|Hebbronville
Heckville, Texas|Heckville
Hemphill, Texas|Hemphill
Hempstead, Texas|Hempstead
Hereford, Texas|Hereford
Hewitt, Texas|Hewitt
Hico, Texas|Hico
Hidalgo, Texas|Hidalgo
Hideaway, Texas|Hideaway
High, Texas|High
Highland Village, Texas|Highland Village
Highlands, Texas|Highlands
Hill Country Village, Texas|Hill Country Village
Hillsboro, Texas|Hillsboro
Hilshire Village, Texas|Hilshire Village
Hitchcock, Texas|Hitchcock
Hockley, Texas|Hockley
Hogeye, Texas|Hogeye
Hondo, Texas|Hondo
Honey Island, Texas|Honey Island
Hoop and Holler, Texas|Hoop and Holler
Houston, Texas|Houston
Humble, Texas|Humble
Huntington, Texas|Huntington
Huntsville, Texas|Huntsville
Hurst, Texas|Hurst
Hutto, Texas|Hutto

I
Idalou, Texas|Idalou
Ike, Texas|Ike
Impact, Texas|Impact
Independence, Texas|Independence
Indian Lake, Texas|Indian Lake
Industry, Texas|Industry
Ingleside on the Bay, Texas|Ingleside on the Bay
Ingleside, Texas|Ingleside
Ingram, Texas|Ingram
Inhouse, Texas|Inhouse
Iowa Park, Texas|Iowa Park
Iraan, Texas|Iraan
Iredell, Texas|Iredell
Irving, Texas|Irving
Italy, Texas|Italy
Itasca, Texas|Itasca

J
Jacksboro, Texas|Jacksboro
Jacksonville, Texas|Jacksonville
Jamaica Beach, Texas|Jamaica Beach
Jarrell, Texas|Jarrell
Jasper, Texas|Jasper
Jefferson, Texas|Jefferson
Jewett, Texas|Jewett
Johnson City, Texas|Johnson City
Junction, Texas|Junction
Joshua, Texas|Joshua

K
Karnack, Texas|Karnack
Karnes City, Texas|Karnes City
Katy, Texas|Katy
Keller, Texas|Keller
Kemah, Texas|Kemah
Kenefick, Texas|Kenefick
Kennedale, Texas|Kennedale
Kerens, Texas|Kerens
Kermit, Texas|Kermit
Kerrville, Texas|Kerrville
Kilgore, Texas|Kilgore
Killeen, Texas|Killeen
Kingston, Texas|Kingston
Kingsville, Texas|Kingsville
Kingwood, Texas|Kingwood
Kirbyville, Texas|Kirbyville
Kosse, Texas|Kosse
Kountze, Texas|Kountze
Krugerville, Texas|Krugerville
Krum, Texas|Krum
Kurten, Texas|Kurten
Kyle, Texas|Kyle

L
La Feria, Texas|La Feria
La Joya, Texas|La Joya
La Grange, Texas|La Grange
La Grulla, Texas|La Grulla
La Marque, Texas|La Marque
La Norah, Texas|La Norah
La Porte, Texas|La Porte
La Villa, Texas|La Villa
Lacy-Lakeview, Texas|Lacy-Lakeview
Laguna Vista, Texas|Laguna Vista
Lajitas, Texas|Lajitas
Lake Brownwood, Texas|Lake Brownwood
Lake Dallas, Texas|Lake Dallas
Lake Jackson, Texas|Lake Jackson
Lakeway, Texas|Lakeway
Lampasas, Texas|Lampasas
Lamesa, Texas|Lamesa
Lancaster, Texas|Lancaster
Laredo, Texas|Laredo
Las Colinas, Texas|Las Colinas
League City, Texas|League City
Leander, Texas|Leander
Leon Valley, Texas|Leon Valley
Leonard, Texas|Leonard
Levelland, Texas|Levelland
Lewisville, Texas|Lewisville
Lindale, Texas|Lindale
Little Elm, Texas|Little Elm
Littlefield, Texas|Littlefield
Live Oak, Texas|Live Oak
Livingston, Texas|Livingston
Lockhart, Texas|Lockhart
Lolita, Texas|Lolita
Longview, Texas|Longview
Loop, Texas, Gaines County|Loop
Lorenzo, Texas|Lorenzo
Los Fresnos, Texas|Los Fresnos
Los Indios, Texas|Los Indios
Los Ybanez, Texas|Los Ybanez
Lowake, Texas|Lowake
Lubbock, Texas|Lubbock
Lucas, Texas|Lucas
Luckenbach, Texas|Luckenbach
Lueders, Texas|Lueders
Lufkin, Texas|Lufkin
Lumberton, Texas|Lumberton
Lyford, Texas|Lyford

M
Mabank, Texas|Mabank
Madisonville, Texas|Madisonville
Magnolia, Texas|Magnolia
Malakoff, Texas|Malakoff
Manchaca, Texas|Manchaca
Mansfield, Texas|Mansfield
Manvel, Texas|Manvel
Marble Falls, Texas|Marble Falls
Mareta, Texas|Mareta
Marfa, Texas|Marfa
Marie, Texas|Marie
Marlin, Texas|Marlin
Marshall, Texas|Marshall
Mason, Texas|Mason
Mathis, Texas|Mathis
Maverick, Texas|Maverick
Maypearl, Texas|Maypearl
McAllen, Texas|McAllen
McGregor, Texas|McGregor
McKinney, Texas|McKinney
McLeod, Texas|McLeod
McMahan, Texas|McMahan
Meadows Place, Texas|Meadows Place
Melvin, Texas|Melvin
Menard, Texas|Menard
Mercedes, Texas|Mercedes
Merkel, Texas|Merkel
Mesquite, Texas|Mesquite
Mexia, Texas|Mexia
Meyersville, Texas|Meyersville
Midkiff, Texas|Midkiff
Midland, Texas|Midland
Midlothian, Texas|Midlothian
Midway, Texas|Midway
Miles, Texas|Miles
Millersview, Texas|Millersview
Millican, Texas|Millican
Mineola, Texas|Mineola
Mineral Wells, Texas|Mineral Wells
Mission, Texas|Mission
Missouri City, Texas|Missouri City
Mobile City, Texas|Mobile City
Monahans, Texas|Monahans
Montgomery, Texas|Montgomery
Mont Belvieu, Texas|Mont Belvieu
Moody, Texas|Moody
Moore Station, Texas|Moore Station
Morgan's Point, Texas|Morgan's Point
Moulton, Texas|Moulton
Mt. Pleasant, Texas|Mt. Pleasant
Mt. Sylvan, Texas|Mt. Sylvan
Murphy, Texas|Murphy

N
Nacogdoches, Texas|Nacogdoches
Nassau Bay, Texas|Nassau Bay
Navasota, Texas|Navasota
Nederland, Texas|Nederland
Neiderwald, Texas|Neiderwald
Nesbitt, Texas|Nesbitt
New Boston, Texas|New Boston
New Braunfels, Texas|New Braunfels
New Caney, Texas|New Caney
New Harmony, Texas|New Harmony
Newton, Texas|Newton
New Ulm, Texas|New Ulm
New Waverly, Texas|New Waverly
Neylandville, Texas|Neylandville
Nixon, Texas|Nixon
Noonday, Texas|Noonday
North Cleveland, Texas|North Cleveland
North Richland Hills, Texas|North Richland Hills
North Zulch, Texas|North Zulch

O
Oak Cliff, Texas|Oak Cliff
Oak Leaf, Texas|Oak Leaf
Oak Point, Texas|Oak Point
Odessa, Texas|Odessa
Old River-Winfree, Texas|Old River-Winfree
Olfen, Texas|Olfen
Omaha, Texas|Omaha
Olmito, Texas|Olmito
Olton, Texas|Olton
Onalaska, Texas|Onalaska
Orange, Texas|Orange
Orangefield, Texas|Orangefield
Orient, Texas|Orient
Overton, Texas|Overton
Owentown, Texas|Owentown
Ozona, Texas|Ozona

P
Paint Rock, Texas|Paint Rock
Palacios, Texas|Palacios
Palestine, Texas|Palestine
Palmhurst, Texas|Palmhurst
Palmview, Texas|Palmview
Palm Valley, Texas|Palm Valley
Pampa, Texas|Pampa
Panna Maria, Texas|Panna Maria
Pantego, Texas|Pantego
Paris, Texas|Paris
Parker, Texas|Parker
Pasadena, Texas|Pasadena
Pearland, Texas|Pearland
Pecos, Texas|Pecos
Penitas, Texas|Penitas
Perryton, Texas|Perryton
Pflugerville, Texas|Pflugerville
Pharr, Texas|Pharr
Pineland, Texas|Pineland
Pittsburg, Texas|Pittsburg
Plainview, Texas|Plainview
Plano, Texas|Plano
Plum Grove, Texas|Plum Grove
Ponder, Texas|Ponder
Point Comfort, Texas|Point Comfort
Port Aransas, Texas|Port Aransas
Port Arthur, Texas|Port Arthur
Port Isabel, Texas|Port Isabel
Port Lavaca, Texas|Port Lavaca
Port Mansfield, Texas|Port Mansfield
Port Neches, Texas|Port Neches
Porter, Texas|Porter
Port O'Connor, Texas|Port O'Connor
Portland, Texas|Portland
Post, Texas|Post
Post Oak Bend City, Texas|Post Oak Bend City
Pottsboro, Texas|Pottsboro
Prairie View, Texas|Prairie View
Prairie Hill, Texas|Prairie Hill (Washington County)
Presidio, Texas|Presidio
Primera, Texas|Primera
Princeton, Texas|Princeton
Progreso, Texas|Progreso
Progreso Lakes, Texas|Progreso Lakes
Prosper, Texas|Prosper

Q
Quanah, Texas|Quanah
Queen City, Texas|Queen City
Quinlan, Texas|Quinlan
Quitaque, Texas|Quitaque
Quitman, Texas|Quitman

R
Ralls, Texas|Ralls
Rancho Viejo, Texas|Rancho Viejo
Ranger, Texas|Ranger
Rangerville, Texas|Rangerville
Rankin, Texas|Rankin
Ravenna, Texas|Ravenna
Raymondville, Texas|Raymondville
Red Bird, Texas|Red Bird
Red Hill, Texas|Red Hill
Red Oak, Texas|Red Oak
Red Springs, Texas|Red Springs
Refugio, Texas|Refugio
Reklaw, Texas|Reklaw
Reno, Texas|Reno
Rhome, Texas|Rhome
Richardson, Texas|Richardson
Richland Hills, Texas|Richland
Richmond, Texas|Richmond
Riesel, Texas|Riesel
Rio Grande City, Texas|Rio Grande City
Rio Hondo, Texas|Rio Hondo
Rising Star, Texas|Rising Star
River Oaks, Texas|River Oaks
Riviera, Texas|Riviera
Roanoke, Texas|Roanoke
Robinson, Texas|Robinson
Roby, Texas|Roby
Rocket, Texas|Rocket
Rockwall, Texas|Rockwall
Roma, Texas|Roma
Rosenberg, Texas|Rosenberg
Rosharon, Texas|Rosharon
Rosser, Texas|Rosser
Rotan, Texas|Rotan
Round Rock, Texas|Round Rock
Round Top, Texas|Round Top
Rowena, Texas|Rowena
Rowlett, Texas|Rowlett
Rucker, Texas|Rucker
Rusk, Texas|Rusk

S
Sachse, Texas|Sachse
Sacul, Texas|Sacul
Sadler, Texas|Sadler
Saginaw, Texas|Saginaw
Salado, Texas|Salado
San Angelo, Texas|San Angelo
San Antonio, Texas|San Antonio
San Benito, Texas|San Benito
San Juan, Texas|San Juan
San Marcos, Texas|San Marcos
San Perlita, Texas|San Perlita
San Saba, Texas|San Saba
Sanco, Texas|Sanco
Sanctuary, Texas|Sanctuary
Sanderson, Texas|Sanderson
Sanger, Texas|Sanger
Santa Anna, Texas|Santa Anna
Santa Fe, Texas|Santa Fe
Santa Rosa, Texas|Santa Rosa
Santo, Texas|Santo
Sarita, Texas|Sarita
Savoy, Texas|Savoy
Schertz, Texas|Schertz
Scottsville, Texas|Scottsville
Scurry, Texas|Scurry
Seabrook, Texas|Seabrook
Seagoville, Texas|Seagoville
Seagraves, Texas Gaines County|Seagraves
Sealy, Texas|Sealy
Sebastian, Texas|Sebastian
Seguin, Texas|Seguin
Seminole, Texas|Seminole
Seymour, Texas|Seymour
Shallowater, Texas|Shallowater
Shamrock, Texas|Shamrock
Shavano Park, Texas|Shavano Park
Shenandoah, Texas|Shenandoah
Sheldon, Texas|Sheldon
Sherman, Texas|Sherman
Shreveport, Texas|Shreveport
Shiner, Texas|Shiner
Shoreacres, Texas|Shoreacres
Silsbee, Texas|Silsbee
Silver, Texas|Silver
Sinton, Texas|Sinton
Slaton, Texas|Slaton
Smithville, Texas|Smithville
Snyder, Texas|Snyder
Somerville, Texas|Somerville
Sonora, Texas|Sonora
Sour Lake, Texas|Sour Lake
South Padre Island, Texas|South Padre Island
Southlake, Texas|Southlake
Southmayd, Texas|Southmayd
Spearman, Texas|Spearman
Spring, Texas|Spring
Spring Valley Village, Texas|Spring Valley Village
Springtown, Texas|Springtown
Spur, Texas|Spur
Stafford, Texas|Stafford
Star, Texas|Star
Sterling City, Texas|Sterling City
Stephenville, Texas|Stephenville
Stinnett, Texas|Stinnett
Stowell, Texas|Stowell
Strawn, Texas|Strawn
Study Butte, Texas|Study Butte
Sugar Land, Texas|Sugar Land
Sullivan City, Texas|Sullivan City
Sulphur Springs, Texas|Sulphur Springs
Sunnyvale, Texas|Sunnyvale
Swan, Texas|Swan
Sweeny, Texas|Sweeny
Sweetwater, Texas|Sweetwater

T
Tahoka, Texas|Tahoka
Talco, Texas|Talco
Taylor, Texas|Taylor
Taylor Landing, Texas|Taylor Landing
Teague, Texas|Teague
Temple, Texas|Temple
Tenaha, Texas|Tenaha
Tennyson, Texas|Tennyson
Terlingua, Texas|Terlingua
Terrell, Texas|Terrell
Texarkana, Texas|Texarkana
Texas City, Texas|Texas City
The Colony, Texas|The Colony
The Woodlands, Texas|The Woodlands
Tiki Island, Texas|Tiki Island
Timpson, Texas|Timpson
Tioga, Texas|Tioga
Toco, Texas|Toco
Tom Bean, Texas|Tom Bean
Tomball, Texas|Tomball
Trinidad, Texas|Trinidad
Trophy Club, Texas|Trophy Club
Troup, Texas|Troup
Turkey, Texas|Turkey
Turnersville, Texas|Turnersville
Tyler, Texas|Tyler

U
Uhland, Texas|Uhland
Umbarger, Texas|Umbarger
Uncertain, Texas|Uncertain
Union Grove, Texas|Union Grove
Union Valley, Texas|Union Valley
Universal City, Texas|Universal City
University Park, Texas|University Park
Utopia, Texas|Utopia
Uvalde, Texas|Uvalde

V
Valley View, Texas|Valley View
Van Alstyne, Texas|Van Alstyne
Vancourt, Texas|Vancourt
Vanderbilt, Texas|Vanderbilt
Van Horn, Texas|Van Horn
Van Vleck, Texas|Van Vleck
Venus, Texas|Venus
Veribest, Texas|Veribest
Vernon, Texas|Vernon
Vick, Texas|Vick
Victoria, Texas|Victoria
Vidor, Texas|Vidor
Volente, Texas|Volente

W
Waco, Texas|Waco
Wall, Texas|Wall
Waller, Texas|Waller
Waskom, Texas|Waskom
Watauga, Texas|Watauga
Water Valley, Texas|Water Valley
Waterloo, Texas|Waterloo
Waxahachie, Texas|Waxahachie
Weatherford, Texas|Weatherford
Webberville, Texas|Webberville
Webster, Texas|Webster
Weimar, Texas|Weimar
Weslaco, Texas|Weslaco
West Columbia, Texas|West Columbia
West Lake Hills, Texas|West Lake Hills
West Orange, Texas|West Orange
West University Place, Texas|West University Place
Westlake, Texas|Westlake
Westover Hills, Texas|Westover Hills
Westworth Village, Texas|Westworth Village
Wharton, Texas|Wharton
Wheeler, Texas|Wheeler
White Oak, Texas|White Oak
White Settlement, Texas|White Settlement
Whitehouse, Texas|Whitehouse
Wichita Falls, Texas|Wichita Falls
Willow Park, Texas|Willow Park
Wimberley, Texas|Wimberley
Windcrest, Texas|Windcrest
Wingate, Texas|Wingate
Winnie, Texas|Winnie
Winona, Texas|Winona
Winters, Texas|Winters
Wixon Valley, Texas|Wixon Valley
Wolfe City, Texas|Wolfe City
Woodlake, Texas|Woodlake
Woodlawn, Texas|Woodlawn
Woodville, Texas|Woodville
Woodway, Texas|Woodway
Wortham, Texas|Wortham
Wylie, Texas|Wylie
Winnsboro, Texas|Winnsboro

Y
Yoakum, Texas|Yoakum
Yorktown, Texas|Yorktown

Z
Zapata, Texas|Zapata
Zavalla, Texas|Zavalla




Category:Cities in Texas|
Category:Lists of cities by US state|Texas