

The following is a '''list of cities in the state of Iowa''', by letter:

A
Ackley, Iowa|Ackley
Ackworth, Iowa|Ackworth
Adair, Iowa|Adair
Adel, Iowa|Adel
Afton, Iowa|Afton
Agency, Iowa|Agency
Ainsworth, Iowa|Ainsworth
Akron, Iowa|Akron
Albert City, Iowa|Albert City
Albia, Iowa|Albia
Albion, Iowa|Albion
Alburnett, Iowa|Alburnett
Alden, Iowa|Alden
Alexander, Iowa|Alexander
Algona, Iowa|Algona
Alleman, Iowa|Alleman
Allerton, Iowa|Allerton
Allison, Iowa|Allison
Alta, Iowa|Alta
Alta Vista, Iowa|Alta Vista
Alton, Iowa|Alton
Altoona, Iowa|Altoona
Alvord, Iowa|Alvord
Ames, Iowa|Ames
Anamosa, Iowa|Anamosa
Andover, Iowa|Andover
Andrew, Iowa|Andrew
Anita, Iowa|Anita
Ankeny, Iowa|Ankeny
Anthon, Iowa|Anthon
Aplington, Iowa|Aplington
Arcadia, Iowa|Arcadia
Archer, Iowa|Archer
Aredale, Iowa|Aredale
Argyle, Iowa|Argyle
Arion, Iowa|Arion
Arispe, Iowa|Arispe
Arlington, Iowa|Arlington
Armstrong, Iowa|Armstrong
Arnolds Park, Iowa|Arnolds Park
Arthur, Iowa|Arthur
Asbury, Iowa|Asbury
Ashton, Iowa|Ashton
Aspinwall, Iowa|Aspinwall
Atalissa, Iowa|Atalissa
Atkins, Iowa|Atkins
Atlantic, Iowa|Atlantic
Auburn, Iowa|Auburn
Audubon, Iowa|Audubon
Aurelia, Iowa|Aurelia
Aurora, Iowa|Aurora
Avoca, Iowa|Avoca
Ayrshire, Iowa|Ayrshire

B
Badger, Iowa|Badger
Bagley, Iowa|Bagley
Baldwin, Iowa|Baldwin
Balltown, Iowa|Balltown
Bancroft, Iowa|Bancroft
Bankston, Iowa|Bankston
Barnes City, Iowa|Barnes City
Barnum, Iowa|Barnum
Bassett, Iowa|Bassett
Batavia, Iowa|Batavia
Battle Creek, Iowa|Battle Creek
Baxter, Iowa|Baxter
Bayard, Iowa|Bayard
Beacon, Iowa|Beacon
Beaconsfield, Iowa|Beaconsfield
Beaman, Iowa|Beaman
Beaver, Iowa|Beaver
Bedford, Iowa|Bedford
Belle Plaine, Iowa|Belle Plaine
Bellevue, Iowa|Bellevue
Belmond, Iowa|Belmond
Bennett, Iowa|Bennett
Benton, Iowa|Benton
Berkley, Iowa|Berkley
Bernard, Iowa|Bernard
Bertram, Iowa|Bertram
Berwick, Iowa|Berwick
Bettendorf, Iowa|Bettendorf
Bevington, Iowa|Bevington
Birmingham, Iowa|Birmingham
Blairsburg, Iowa|Blairsburg
Blairstown, Iowa|Blairstown
Blakesburg, Iowa|Blakesburg
Blanchard, Iowa|Blanchard
Blencoe, Iowa|Blencoe
Blockton, Iowa|Blockton
Bloomfield, Iowa|Bloomfield
Blue Grass, Iowa|Blue Grass
Bode, Iowa|Bode
Bonaparte, Iowa|Bonaparte
Bondurant, Iowa|Bondurant
Boone, Iowa|Boone
Booneville, Iowa|Booneville
Bouton, Iowa|Bouton
Boxholm, Iowa|Boxholm
Boyden, Iowa|Boyden
Braddyville, Iowa|Braddyville
Bradford, Iowa|Bradford
Bradgate, Iowa|Bradgate
Brandon, Iowa|Brandon
Brayton, Iowa|Brayton
Breda, Iowa|Breda
Bridgewater, Iowa|Bridgewater
Brighton, Iowa|Brighton
Bristow, Iowa|Bristow
Britt, Iowa|Britt
Bronson, Iowa|Bronson
Brooklyn, Iowa|Brooklyn
Brunsville, Iowa|Brunsville
Buckeye, Iowa|Buckeye
Buck Grove, Iowa|Buck Grove
Buffalo, Iowa|Buffalo
Buffalo Center, Iowa|Buffalo Center
Burlington, Iowa|Burlington
Burt, Iowa|Burt
Bussey, Iowa|Bussey

C
Calamus, Iowa|Calamus
Callender, Iowa|Callender
Calmar, Iowa|Calmar
Calumet, Iowa|Calumet
Camanche, Iowa|Camanche
Cambridge, Iowa|Cambridge
Cantril, Iowa|Cantril
Carbon, Iowa|Carbon
Carlisle, Iowa|Carlisle
Carpenter, Iowa|Carpenter
Carroll, Iowa|Carroll
Carson, Iowa|Carson
Carter Lake, Iowa|Carter Lake
Cascade, Iowa|Cascade
Casey, Iowa|Casey
Castalia, Iowa|Castalia
Castana, Iowa|Castana
Cedar Falls, Iowa|Cedar Falls
Cedar Rapids, Iowa|Cedar Rapids
Center Junction, Iowa|Center Junction
Center Point, Iowa|Center Point
Centerville, Iowa|Centerville
Central City, Iowa|Central City
Centralia, Iowa|Centralia
Chariton, Iowa|Chariton
Charles City, Iowa|Charles City
Charlotte, Iowa|Charlotte
Charter Oak, Iowa|Charter Oak
Chatsworth, Iowa|Chatsworth
Chelsea, Iowa|Chelsea
Cherokee, Iowa|Cherokee
Chester, Iowa|Chester
Chillicothe, Iowa|Chillicothe
Churdan, Iowa|Churdan
Cincinnati, Iowa|Cincinnati
Clare, Iowa|Clare
Clarence, Iowa|Clarence
Clarinda, Iowa|Clarinda
Clarion, Iowa|Clarion
Clarksville, Iowa|Clarksville
Clayton, Iowa|Clayton
Clearfield, Iowa|Clearfield
Clear Lake, Iowa|Clear Lake
Cleghorn, Iowa|Cleghorn
Clemons, Iowa|Clemons
Clermont, Iowa|Clermont
Clinton, Iowa|Clinton
Clio, Iowa|Clio
Clive, Iowa|Clive
Clutier, Iowa|Clutier
Coburg, Iowa|Coburg
Coggon, Iowa|Coggon
Coin, Iowa|Coin
Colesburg, Iowa|Colesburg
Colfax, Iowa|Colfax
College Springs, Iowa|College Springs
Collins, Iowa|Collins
Colo, Iowa|Colo
Columbus City, Iowa|Columbus City
Columbus Junction, Iowa|Columbus Junction
Colwell, Iowa|Colwell
Conesville, Iowa|Conesville
Conrad, Iowa|Conrad
Conway, Iowa|Conway
Coon Rapids, Iowa|Coon Rapids
Coppock, Iowa|Coppock
Coralville, Iowa|Coralville
Corning, Iowa|Corning
Correctionville, Iowa|Correctionville
Corwith, Iowa|Corwith
Corydon, Iowa|Corydon
Cotter, Iowa|Cotter
Coulter, Iowa|Coulter
Council Bluffs, Iowa|Council Bluffs
Craig, Iowa|Craig
Crawfordsville, Iowa|Crawfordsville
Crescent, Iowa|Crescent
Cresco, Iowa|Cresco
Creston, Iowa|Creston
Cromwell, Iowa|Cromwell
Crystal Lake, Iowa|Crystal Lake
Cumberland, Iowa|Cumberland
Cumming, Iowa|Cumming
Curlew, Iowa|Curlew
Cushing, Iowa|Cushing
Cylinder, Iowa|Cylinder

D
Dakota City, Iowa|Dakota City
Dallas Center, Iowa|Dallas Center
Dana, Iowa|Dana
Danbury, Iowa|Danbury
Danville, Iowa|Danville
Davenport, Iowa|Davenport
Davis City, Iowa|Davis City
Dawson, Iowa|Dawson
Dayton, Iowa|Dayton
Decatur City, Iowa|Decatur City
Decorah, Iowa|Decorah
Dedham, Iowa|Dedham
Deep River, Iowa|Deep River
Defiance, Iowa|Defiance
Delaware, Iowa|Delaware
Delhi, Iowa|Delhi
Delmar, Iowa|Delmar
Deloit, Iowa|Deloit
Delphos, Iowa|Delphos
Delta, Iowa|Delta
Denison, Iowa|Denison
Denver, Iowa|Denver
Derby, Iowa|Derby
Des Moines, Iowa|Des Moines
De Soto, Iowa|De Soto
De Witt, Iowa|De Witt
Dexter, Iowa|Dexter
Diagonal, Iowa|Diagonal
Dickens, Iowa|Dickens
Dike, Iowa|Dike
Dixon, Iowa|Dixon
Dolliver, Iowa|Dolliver
Donahue, Iowa|Donahue
Donnellson, Iowa|Donnellson
Doon, Iowa|Doon
Dougherty, Iowa|Dougherty
Dow City, Iowa|Dow City
Dows, Iowa|Dows
Drakesville, Iowa|Drakesville
Dubuque, Iowa|Dubuque
Dumont, Iowa|Dumont
Duncombe, Iowa|Duncombe
Dundee, Iowa|Dundee
Dunkerton, Iowa|Dunkerton
Dunlap, Iowa|Dunlap
Durango, Iowa|Durango
Durant, Iowa|Durant
Dyersville, Iowa|Dyersville
Dysart, Iowa|Dysart

E
Eagle Grove, Iowa|Eagle Grove
Earlham, Iowa|Earlham
Earling, Iowa|Earling
Earlville, Iowa|Earlville
Early, Iowa|Early
East Peru, Iowa|East Peru
Eddyville, Iowa|Eddyville
Edgewood, Iowa|Edgewood
Elberon, Iowa|Elberon
Eldon, Iowa|Eldon
Eldora, Iowa|Eldora
Eldridge, Iowa|Eldridge
Elgin, Iowa|Elgin
Elkader, Iowa|Elkader
Elkhart, Iowa|Elkhart
Elk Horn, Iowa|Elk Horn
Elkport, Iowa|Elkport
Elk Run Heights, Iowa|Elk Run Heights
Elliott, Iowa|Elliott
Ellston, Iowa|Ellston
Ellsworth, Iowa|Ellsworth
Elma, Iowa|Elma
Elvira, Iowa|Elvira
Ely, Iowa|Ely
Emerson, Iowa|Emerson
Emmetsburg, Iowa|Emmetsburg
Epworth, Iowa|Epworth
Essex, Iowa|Essex
Estherville, Iowa|Estherville
Evansdale, Iowa|Evansdale
Everly, Iowa|Everly
Exira, Iowa|Exira
Exline, Iowa|Exline

F
Fairbank, Iowa|Fairbank
Fairfax, Iowa|Fairfax
Fairfield, Iowa|Fairfield
Farley, Iowa|Farley
Farmersburg, Iowa|Farmersburg
Farmington, Iowa|Farmington
Farnhamville, Iowa|Farnhamville
Farragut, Iowa|Farragut
Fayette, Iowa|Fayette
Fenton, Iowa|Fenton
Ferguson, Iowa|Ferguson
Fertile, Iowa|Fertile
Floris, Iowa|Floris
Floyd, Iowa|Floyd
Fonda, Iowa|Fonda
Fontanelle, Iowa|Fontanelle
Forest City, Iowa|Forest City
Fort Atkinson, Iowa|Fort Atkinson
Fort Dodge, Iowa|Fort Dodge
Fort Madison, Iowa|Fort Madison
Fostoria, Iowa|Fostoria
Franklin, Iowa|Franklin
Fraser, Iowa|Fraser
Fredericksburg, Iowa|Fredericksburg
Frederika, Iowa|Frederika
Fredonia, Iowa|Fredonia
Fremont, Iowa|Fremont
Fruitland, Iowa|Fruitland

G
Galt, Iowa|Galt
Galva, Iowa|Galva
Garber, Iowa|Garber
Garden Grove, Iowa|Garden Grove
Garnavillo, Iowa|Garnavillo
Garner, Iowa|Garner
Garrison, Iowa|Garrison
Garwin, Iowa|Garwin
Geneva, Iowa|Geneva
George, Iowa|George
Gibson, Iowa|Gibson
Gilbert, Iowa|Gilbert
Gilbertville, Iowa|Gilbertville
Gillett Grove, Iowa|Gillett Grove
Gilman, Iowa|Gilman
Gilmore City, Iowa|Gilmore City
Gladbrook, Iowa|Gladbrook
Glenwood, Iowa|Glenwood
Glidden, Iowa|Glidden
Goldfield, Iowa|Goldfield
Goodell, Iowa|Goodell
Goose Lake, Iowa|Goose Lake
Gowrie, Iowa|Gowrie
Graettinger, Iowa|Graettinger
Graf, Iowa|Graf
Grafton, Iowa|Grafton
Grand Junction, Iowa|Grand Junction
Grand Mound, Iowa|Grand Mound
Grand River, Iowa|Grand River
Grandview, Iowa|Grandview
Granger, Iowa|Granger
Grant, Iowa|Grant
Granville, Iowa|Granville
Gravity, Iowa|Gravity
Gray, Iowa|Gray
Greeley, Iowa|Greeley
Greene, Iowa|Greene
Greenfield, Iowa|Greenfield
Greenville, Iowa|Greenville
Grimes, Iowa|Grimes
Grinnell, Iowa|Grinnell
Griswold, Iowa|Griswold
Grundy Center, Iowa|Grundy Center
Gruver, Iowa|Gruver
Guernsey, Iowa|Guernsey
Guthrie Center, Iowa|Guthrie Center
Guttenberg, Iowa|Guttenberg

H
Halbur, Iowa|Halbur
Hamburg, Iowa|Hamburg
Hamilton, Iowa|Hamilton
Hampton, Iowa|Hampton
Hancock, Iowa|Hancock
Hanlontown, Iowa|Hanlontown
Hansell, Iowa|Hansell
Harcourt, Iowa|Harcourt
Hardy, Iowa|Hardy
Harlan, Iowa|Harlan
Harper, Iowa|Harper
Harpers Ferry, Iowa|Harpers Ferry
Harris, Iowa|Harris
Hartford, Iowa|Hartford
Hartley, Iowa|Hartley
Hartwick, Iowa|Hartwick
Harvey, Iowa|Harvey
Hastings, Iowa|Hastings
Havelock, Iowa|Havelock
Haverhill, Iowa|Haverhill
Hawarden, Iowa|Hawarden
Hawkeye, Iowa|Hawkeye
Hayesville, Iowa|Hayesville
Hazleton, Iowa|Hazleton
Hedrick, Iowa|Hedrick
Henderson, Iowa|Henderson
Hepburn, Iowa|Hepburn
Hiawatha, Iowa|Hiawatha
Hills, Iowa|Hills
Hillsboro, Iowa|Hillsboro
Hinton, Iowa|Hinton
Holland, Iowa|Holland
Holstein, Iowa|Holstein
Holy Cross, Iowa|Holy Cross
Hopkinton, Iowa|Hopkinton
Hornick, Iowa|Hornick
Hospers, Iowa|Hospers
Houghton, Iowa|Houghton
Hubbard, Iowa|Hubbard
Hudson, Iowa|Hudson
Hull, Iowa|Hull
Humboldt, Iowa|Humboldt
Humeston, Iowa|Humeston
Huxley, Iowa|Huxley

I
Ida Grove, Iowa|Ida Grove
Imogene, Iowa|Imogene
Independence, Iowa|Independence
Indianola, Iowa|Indianola
Inwood, Iowa|Inwood
Ionia, Iowa|Ionia
Iowa City, Iowa|Iowa City
Iowa Falls, Iowa|Iowa Falls
Ireton, Iowa|Ireton
Irwin, Iowa|Irwin

J
Jackson Junction, Iowa|Jackson Junction
Jamaica, Iowa|Jamaica
Janesville, Iowa|Janesville
Jefferson, Iowa|Jefferson
Jesup, Iowa|Jesup
Jewell Junction, Iowa|Jewell Junction
Johnston, Iowa|Johnston
Joice, Iowa|Joice
Jolley, Iowa|Jolley

K
Kalona, Iowa|Kalona
Kamrar, Iowa|Kamrar
Kanawha, Iowa|Kanawha
Kellerton, Iowa|Kellerton
Kelley, Iowa|Kelley
Kellogg, Iowa|Kellogg
Kensett, Iowa|Kensett
Kent, Iowa|Kent
Keokuk, Iowa|Keokuk
Keomah Village, Iowa|Keomah Village
Keosauqua, Iowa|Keosauqua
Keota, Iowa|Keota
Keswick, Iowa|Keswick
Keystone, Iowa|Keystone
Kimballton, Iowa|Kimballton
Kingsley, Iowa|Kingsley
Kinross, Iowa|Kinross
Kirkman, Iowa|Kirkman
Kirkville, Iowa|Kirkville
Kiron, Iowa|Kiron
Klemme, Iowa|Klemme
Knierim, Iowa|Knierim
Knoke, Iowa|Knoke
Knoxville, Iowa|Knoxville

L
Lacona, Iowa|Lacona
Ladora, Iowa|Ladora
Lake City, Iowa|Lake City
Lake Mills, Iowa|Lake Mills
Lake Park, Iowa|Lake Park
Lakeside, Iowa|Lakeside
Lake View, Iowa|Lake View
Lakota, Iowa|Lakota
Lambs Grove, Iowa|Lambs Grove
Lamoni, Iowa|Lamoni
Lamont, Iowa|Lamont
La Motte, Iowa|La Motte
Lanesboro, Iowa|Lanesboro
Lansing, Iowa|Lansing
La Porte City, Iowa|La Porte City
Larchwood, Iowa|Larchwood
Larrabee, Iowa|Larrabee
Latimer, Iowa|Latimer
Laurel, Iowa|Laurel
Laurens, Iowa|Laurens
Lawler, Iowa|Lawler
Lawton, Iowa|Lawton
Le Claire, Iowa|Le Claire
Ledyard, Iowa|Ledyard
Le Grand, Iowa|Le Grand
Lehigh, Iowa|Lehigh
Leighton, Iowa|Leighton
Leland, Iowa|Leland
Le Mars, Iowa|Le Mars
Lenox, Iowa|Lenox
Leon, Iowa|Leon
Le Roy, Iowa|Le Roy
Lester, Iowa|Lester
Letts, Iowa|Letts
Lewis, Iowa|Lewis
Libertyville, Iowa|Libertyville
Lidderdale, Iowa|Lidderdale
Lime Springs, Iowa|Lime Springs
Lincoln, Iowa|Lincoln
Linden, Iowa|Linden
Lineville, Iowa|Lineville
Linn Grove, Iowa|Linn Grove
Lisbon, Iowa|Lisbon
Liscomb, Iowa|Liscomb
Littleport, Iowa|Littleport
Little Rock, Iowa|Little Rock
Little Sioux, Iowa|Little Sioux
Livermore, Iowa|Livermore
Lockridge, Iowa|Lockridge
Logan, Iowa|Logan
Lohrville, Iowa|Lohrville
Lone Rock, Iowa|Lone Rock
Lone Tree, Iowa|Lone Tree
Long Grove, Iowa|Long Grove
Lorimor, Iowa|Lorimor
Lost Nation, Iowa|Lost Nation
Lovilia, Iowa|Lovilia
Lowden, Iowa|Lowden
Low Moor, Iowa|Low Moor
Luana, Iowa|Luana
Lucas, Iowa|Lucas
Luther, Iowa|Luther
Lu Verne, Iowa|Lu Verne
Luxemburg, Iowa|Luxemburg
Luzerne, Iowa|Luzerne
Lynnville, Iowa|Lynnville
Lytton, Iowa|Lytton

M
McCallsburg, Iowa|McCallsburg
McCausland, Iowa|McCausland
McClelland, Iowa|McClelland
Macedonia, Iowa|Macedonia
McGregor, Iowa|McGregor
McIntire, Iowa|McIntire
Macksburg, Iowa|Macksburg
Madrid, Iowa|Madrid
Magnolia, Iowa|Magnolia
Malcom, Iowa|Malcom
Mallard, Iowa|Mallard
Maloy, Iowa|Maloy
Malvern, Iowa|Malvern
Manchester, Iowa|Manchester
Manilla, Iowa|Manilla
Manly, Iowa|Manly
Manning, Iowa|Manning
Manson, Iowa|Manson
Mapleton, Iowa|Mapleton
Maquoketa, Iowa|Maquoketa
Marathon, Iowa|Marathon
Marble Rock, Iowa|Marble Rock
Marcus, Iowa|Marcus
Marengo, Iowa|Marengo
Marion, Iowa|Marion
Marne, Iowa|Marne
Marquette, Iowa|Marquette
Marshalltown, Iowa|Marshalltown
Martelle, Iowa|Martelle
Martensdale, Iowa|Martensdale
Martinsburg, Iowa|Martinsburg
Marysville, Iowa|Marysville
Mason City, Iowa|Mason City
Masonville, Iowa|Masonville
Massena, Iowa|Massena
Matlock, Iowa|Matlock
Maurice, Iowa|Maurice
Maxwell, Iowa|Maxwell
Maynard, Iowa|Maynard
Maysville, Iowa|Maysville
Mechanicsville, Iowa|Mechanicsville
Mediapolis, Iowa|Mediapolis
Melbourne, Iowa|Melbourne
Melcher-Dallas, Iowa|Melcher-Dallas
Melrose, Iowa|Melrose
Melvin, Iowa|Melvin
Menlo, Iowa|Menlo
Meriden, Iowa|Meriden
Merrill, Iowa|Merrill
Meservey, Iowa|Meservey
Middletown, Iowa|Middletown
Miles, Iowa|Miles
Milford, Iowa|Milford
Millersburg, Iowa|Millersburg
Millerton, Iowa|Millerton
Millville, Iowa|Millville
Milo, Iowa|Milo
Milton, Iowa|Milton
Minburn, Iowa|Minburn
Minden, Iowa|Minden
Mingo, Iowa|Mingo
Missouri Valley, Iowa|Missouri Valley
Mitchell, Iowa|Mitchell
Mitchellville, Iowa|Mitchellville
Modale, Iowa|Modale
Mondamin, Iowa|Mondamin
Monmouth, Iowa|Monmouth
Monona, Iowa|Monona
Monroe, Iowa|Monroe
Montezuma, Iowa|Montezuma
Monticello, Iowa|Monticello
Montour, Iowa|Montour
Montrose, Iowa|Montrose
Moorhead, Iowa|Moorhead
Moorland, Iowa|Moorland
Moravia, Iowa|Moravia
Morley, Iowa|Morley
Morning Sun, Iowa|Morning Sun
Morrison, Iowa|Morrison
Moulton, Iowa|Moulton
Mount Auburn, Iowa|Mount Auburn
Mount Ayr, Iowa|Mount Ayr
Mount Pleasant, Iowa|Mount Pleasant
Mount Sterling, Iowa|Mount Sterling
Mount Union, Iowa|Mount Union
Mount Vernon, Iowa|Mount Vernon
Moville, Iowa|Moville
Murray, Iowa|Murray
Muscatine, Iowa|Muscatine
Mystic, Iowa|Mystic

N
Nashua, Iowa|Nashua
Nemaha, Iowa|Nemaha
Neola, Iowa|Neola
Nevada, Iowa|Nevada
New Albin, Iowa|New Albin
Newell, Iowa|Newell
Newhall, Iowa|Newhall
New Hampton, Iowa|New Hampton
New Hartford, Iowa|New Hartford
New Liberty, Iowa|New Liberty
New London, Iowa|New London
New Market, Iowa|New Market
New Providence, Iowa|New Providence
New Sharon, Iowa|New Sharon
Newton, Iowa|Newton
New Vienna, Iowa|New Vienna
New Virginia, Iowa|New Virginia
Nichols, Iowa|Nichols
Nodaway, Iowa|Nodaway
Nora Springs, Iowa|Nora Springs
Northboro, Iowa|Northboro
North Buena Vista, Iowa|North Buena Vista
North English, Iowa|North English
North Liberty, Iowa|North Liberty
North Washington, Iowa|North Washington
Northwood, Iowa|Northwood
Norwalk, Iowa|Norwalk
Norway, Iowa|Norway
Numa, Iowa|Numa

O
Oakland, Iowa|Oakland
Oakland Acres, Iowa|Oakland Acres
Oakville, Iowa|Oakville
Ocheyedan, Iowa|Ocheyedan
Odebolt, Iowa|Odebolt
Oelwein, Iowa|Oelwein
Ogden, Iowa|Ogden
Okoboji, Iowa|Okoboji
Olds, Iowa|Olds
Olin, Iowa|Olin
Ollie, Iowa|Ollie
Onawa, Iowa|Onawa
Onslow, Iowa|Onslow
Orange City, Iowa|Orange City
Orchard, Iowa|Orchard
Orient, Iowa|Orient
Orleans, Iowa|Orleans
Osage, Iowa|Osage
Osceola, Iowa|Osceola
Oskaloosa, Iowa|Oskaloosa
Ossian, Iowa|Ossian
Osterdock, Iowa|Osterdock
Otho, Iowa|Otho
Oto, Iowa|Oto
Ottosen, Iowa|Ottosen
Ottumwa, Iowa|Ottumwa
Owasa, Iowa|Owasa
Oxford, Iowa|Oxford
Oxford Junction, Iowa|Oxford Junction
Oyens, Iowa|Oyens

P
Pacific Junction, Iowa|Pacific Junction
Packwood, Iowa|Packwood
Palmer, Iowa|Palmer
Palo, Iowa|Palo
Panama, Iowa|Panama
Panora, Iowa|Panora
Panorama Park, Iowa|Panorama Park
Parkersburg, Iowa|Parkersburg
Parnell, Iowa|Parnell
Paton, Iowa|Paton
Patterson, Iowa|Patterson
Paullina, Iowa|Paullina
Pella, Iowa|Pella
Peosta, Iowa|Peosta
Perry, Iowa|Perry
Persia, Iowa|Persia
Peterson, Iowa|Peterson
Pierson, Iowa|Pierson
Pilot Mound, Iowa|Pilot Mound
Pioneer, Iowa|Pioneer
Pisgah, Iowa|Pisgah
Plainfield, Iowa|Plainfield
Plano, Iowa|Plano
Pleasant Hill, Iowa|Pleasant Hill
Pleasanton, Iowa|Pleasanton
Pleasant Plain, Iowa|Pleasant Plain
Pleasantville, Iowa|Pleasantville
Plover, Iowa|Plover
Plymouth, Iowa|Plymouth
Pocahontas, Iowa|Pocahontas
Polk City, Iowa|Polk City
Pomeroy, Iowa|Pomeroy
Popejoy, Iowa|Popejoy
Portsmouth, Iowa|Portsmouth
Postville, Iowa|Postville
Prairieburg, Iowa|Prairieburg
Prairie City, Iowa|Prairie City
Prescott, Iowa|Prescott
Preston, Iowa|Preston
Primghar, Iowa|Primghar
Princeton, Iowa|Princeton
Promise City, Iowa|Promise City
Protivin, Iowa|Protivin
Pulaski, Iowa|Pulaski

Q
Quasqueton, Iowa|Quasqueton
Quimby, Iowa|Quimby

R
Radcliffe, Iowa|Radcliffe
Rake, Iowa|Rake
Ralston, Iowa|Ralston
Randalia, Iowa|Randalia
Randall, Iowa|Randall
Randolph, Iowa|Randolph
Rathbun, Iowa|Rathbun
Raymond, Iowa|Raymond
Readlyn, Iowa|Readlyn
Reasnor, Iowa|Reasnor
Redding, Iowa|Redding
Redfield, Iowa|Redfield
Red Oak, Iowa|Red Oak
Reinbeck, Iowa|Reinbeck
Rembrandt, Iowa|Rembrandt
Remsen, Iowa|Remsen
Renwick, Iowa|Renwick
Rhodes, Iowa|Rhodes
Riceville, Iowa|Riceville
Richland, Iowa|Richland
Rickardsville, Iowa|Rickardsville
Ricketts, Iowa|Ricketts
Ridgeway, Iowa|Ridgeway
Rinard, Iowa|Rinard
Ringsted, Iowa|Ringsted
Rippey, Iowa|Rippey
Riverdale, Iowa|Riverdale
Riverside, Iowa|Riverside
Riverton, Iowa|Riverton
Robins, Iowa|Robins
Rock Falls, Iowa|Rock Falls
Rockford, Iowa|Rockford
Rock Rapids, Iowa|Rock Rapids
Rock Valley, Iowa|Rock Valley
Rockwell, Iowa|Rockwell
Rockwell City, Iowa|Rockwell City
Rodman, Iowa|Rodman
Rodney, Iowa|Rodney
Roland, Iowa|Roland
Rolfe, Iowa|Rolfe
Rome, Iowa|Rome
Rose Hill, Iowa|Rose Hill
Rossie, Iowa|Rossie
Rowan, Iowa|Rowan
Rowley, Iowa|Rowley
Royal, Iowa|Royal
Rudd, Iowa|Rudd
Runnells, Iowa|Runnells
Rushville, Iowa|Rushville
Russell, Iowa|Russell
Ruthven, Iowa|Ruthven
Rutland, Iowa|Rutland
Ryan, Iowa|Ryan

S
Sabula, Iowa|Sabula
Sac City, Iowa|Sac City
Sageville, Iowa|Sageville
St. Ansgar, Iowa|St. Ansgar
St. Anthony, Iowa|St. Anthony
St. Charles, Iowa|St. Charles
St. Donatus, Iowa|St. Donatus
St. Lucas, Iowa|St. Lucas
St. Marys, Iowa|St. Marys
St. Olaf, Iowa|St. Olaf
St. Paul, Iowa|St. Paul
Salem, Iowa|Salem
Salix, Iowa|Salix
Sanborn, Iowa|Sanborn
Sandyville, Iowa|Sandyville
Scarville, Iowa|Scarville
Schaller, Iowa|Schaller
Schleswig, Iowa|Schleswig
Scranton, Iowa|Scranton
Searsboro, Iowa|Searsboro
Sergeant Bluff, Iowa|Sergeant Bluff
Seymour, Iowa|Seymour
Shambaugh, Iowa|Shambaugh
Shannon City, Iowa|Shannon City
Sharpsburg, Iowa|Sharpsburg
Sheffield, Iowa|Sheffield
Shelby, Iowa|Shelby
Sheldahl, Iowa|Sheldahl
Sheldon, Iowa|Sheldon
Shell Rock, Iowa|Shell Rock
Shellsburg, Iowa|Shellsburg
Shenandoah, Iowa|Shenandoah
Sherrill, Iowa|Sherrill
Shueyville, Iowa|Shueyville
Sibley, Iowa|Sibley
Sidney, Iowa|Sidney
Sigourney, Iowa|Sigourney
Silver City, Iowa|Silver City
Sioux Center, Iowa|Sioux Center
Sioux City, Iowa|Sioux City
Sioux Rapids, Iowa|Sioux Rapids
Slater, Iowa|Slater
Sloan, Iowa|Sloan
Smithland, Iowa|Smithland
Soldier, Iowa|Soldier
Solon, Iowa|Solon
Somers, Iowa|Somers
South English, Iowa|South English
Spencer, Iowa|Spencer
Spillville, Iowa|Spillville
Spirit Lake, Iowa|Spirit Lake
Spragueville, Iowa|Spragueville
Springbrook, Iowa|Springbrook
Spring Hill, Iowa|Spring Hill
Springville, Iowa|Springville
Stacyville, Iowa|Stacyville
Stanhope, Iowa|Stanhope
Stanley, Iowa|Stanley
Stanton, Iowa|Stanton
Stanwood, Iowa|Stanwood
State Center, Iowa|State Center
Steamboat Rock, Iowa|Steamboat Rock
Stockport, Iowa|Stockport
Stockton, Iowa|Stockton
Storm Lake, Iowa|Storm Lake
Story City, Iowa|Story City
Stout, Iowa|Stout
Stratford, Iowa|Stratford
Strawberry Point, Iowa|Strawberry Point
Struble, Iowa|Struble
Stuart, Iowa|Stuart
Sully, Iowa|Sully
Sumner, Iowa|Sumner
Superior, Iowa|Superior
Sutherland, Iowa|Sutherland
Swaledale, Iowa|Swaledale
Swan, Iowa|Swan
Swea City, Iowa|Swea City
Swisher, Iowa|Swisher

T
Tabor, Iowa|Tabor
Tama, Iowa|Tama
Templeton, Iowa|Templeton
Tennant, Iowa|Tennant
Terril, Iowa|Terril
Thayer, Iowa|Thayer
Thompson, Iowa|Thompson
Thor, Iowa|Thor
Thornburg, Iowa|Thornburg
Thornton, Iowa|Thornton
Thurman, Iowa|Thurman
Tiffin, Iowa|Tiffin
Tingley, Iowa|Tingley
Tipton, Iowa|Tipton
Titonka, Iowa|Titonka
Toledo, Iowa|Toledo
Toronto, Iowa|Toronto
Traer, Iowa|Traer
Treynor, Iowa|Treynor
Tripoli, Iowa|Tripoli
Truesdale, Iowa|Truesdale
Truro, Iowa|Truro
Turin, Iowa|Turin

U
Udell, Iowa|Udell
Underwood, Iowa|Underwood
Union, Iowa|Union
Unionville, Iowa|Unionville
University Heights, Iowa|University Heights
University Park, Iowa|University Park
Urbana, Iowa|Urbana
Urbandale, Iowa|Urbandale
Ute, Iowa|Ute

V
Vail, Iowa|Vail
Valeria, Iowa|Valeria
Van Horne, Iowa|Van Horne
Van Meter, Iowa|Van Meter
Van Wert, Iowa|Van Wert
Varina, Iowa|Varina
Vedic City, Iowa|Vedic City
Ventura, Iowa|Ventura
Victor, Iowa|Victor
Villisca, Iowa|Villisca
Vincent, Iowa|Vincent
Vining, Iowa|Vining
Vinton, Iowa|Vinton
Volga, Iowa|Volga

W
Wadena, Iowa|Wadena
Wahpeton, Iowa|Wahpeton
Walcott, Iowa|Walcott
Walford, Iowa|Walford
Walker, Iowa|Walker
Wallingford, Iowa|Wallingford
Wall Lake, Iowa|Wall Lake
Walnut, Iowa|Walnut
Wapello, Iowa|Wapello
Washington, Iowa|Washington
Washta, Iowa|Washta
Waterloo, Iowa|Waterloo
Waterville, Iowa|Waterville
Waucoma, Iowa|Waucoma
Waukee, Iowa|Waukee
Waukon, Iowa|Waukon
Waverly, Iowa|Waverly
Wayland, Iowa|Wayland
Webb, Iowa|Webb
Webster, Iowa|Webster
Webster City, Iowa|Webster City
Weldon, Iowa|Weldon
Wellman, Iowa|Wellman
Wellsburg, Iowa|Wellsburg
Welton, Iowa|Welton
Wesley, Iowa|Wesley
West Bend, Iowa|West Bend
West Branch, Iowa|West Branch
West Burlington, Iowa|West Burlington
West Chester, Iowa|West Chester
West Des Moines, Iowa|West Des Moines
Westfield, Iowa|Westfield
Westgate, Iowa|Westgate
West Liberty, Iowa|West Liberty
West Okoboji, Iowa|West Okoboji
Westphalia, Iowa|Westphalia
West Point, Iowa|West Point
Westside, Iowa|Westside
West Union, Iowa|West Union
Westwood, Iowa|Westwood
What Cheer, Iowa|What Cheer
Wheatland, Iowa|Wheatland
Whiting, Iowa|Whiting
Whittemore, Iowa|Whittemore
Whitten, Iowa|Whitten
Willey, Iowa|Willey
Williams, Iowa|Williams
Williamsburg, Iowa|Williamsburg
Williamson, Iowa|Williamson
Wilton, Iowa|Wilton
Windsor Heights, Iowa|Windsor Heights
Winfield, Iowa|Winfield
Winterset, Iowa|Winterset
Winthrop, Iowa|Winthrop
Wiota, Iowa|Wiota
Woden, Iowa|Woden
Woodbine, Iowa|Woodbine
Woodburn, Iowa|Woodburn
Woodward, Iowa|Woodward
Woolstock, Iowa|Woolstock
Worthington, Iowa|Worthington
Wyoming, Iowa|Wyoming

Y
Yale, Iowa|Yale
Yetter, Iowa|Yetter
Yorktown, Iowa|Yorktown

Z
Zearing, Iowa|Zearing
Zwingle, Iowa|Zwingle




Category:Cities in Iowa|
Category:Lists of cities by US state|Iowa